title,link,content,category
Title 30,https://example-website.info,Content 40,one-resource
Title 31,https://example-website.info,Content 41,one-resource
Title 32,https://example-website.info,Content 42,one-resource
Title 33,https://example-website.info,Content 43,one-resource
Title 34,https://example-website.info,Content 44,one-resource
Title 35,https://example-website.info,Content 45,one-resource
Title 36,https://example-website.info,Content 46,one-resource
Title 37,https://example-website.info,Content 47,one-resource
Title 38,https://example-website.info,Content 48,one-resource
Title 39,https://example-website.info,Content 49,one-resource
Title 40,https://example-website.info,Content 50,one-resource
Title 41,https://example-website.info,Content 51,one-resource
Title 42,https://example-website.info,Content 52,one-resource
Title 43,https://example-website.info,Content 53,one-resource
Title 44,https://example-website.info,Content 54,general-resource
Title 45,https://example-website.info,Content 55,general-resource
Title 46,https://example-website.info,Content 56,general-resource
Title 47,https://example-website.info,Content 57,general-resource
Title 48,https://example-website.info,Content 58,general-resource
Title 49,https://example-website.info,Content 59,general-resource
Title 50,https://example-website.info,Content 60,general-resource
Title 51,https://example-website.info,Content 61,general-resource
